{"_step":29,"step":69,"loss":0.3427565395832062,"_timestamp":1.736944306601114e+09,"_wandb":{"runtime":141},"_runtime":130.188601343}