{"step":40000,"eval/avg_iou1":0.013420735485851765,"eval/avg_iou3":0.004187651909887791,"eval/avg_loss1":1.0327866846323013,"_runtime":664072.467783367,"eval/avg_loss2":1.1437379779728751,"_step":464946,"eval/avg_loss3":1.2424978496953845,"_wandb":{"runtime":664085},"_timestamp":1.7376217516055765e+09,"eval/avg_iou2":0.004766401834785938,"loss":1.0101064443588257}