{"step":0,"loss":1.489032506942749,"_timestamp":1.7366859578725297e+09,"_runtime":62.396820502,"_step":0,"_wandb":{"runtime":122}}