{"eval/avg_loss3":7.407608296246811e-05,"eval/avg_iou2":0.5035731068054835,"loss":0.00022134392929729074,"eval/avg_loss1":6.953182059078244e-05,"eval/avg_iou1":0.5037014968395234,"_timestamp":1.736701176453238e+09,"step":1011,"eval/avg_loss2":7.160310785305532e-05,"_wandb":{"runtime":1309},"_step":1012,"_runtime":1299.066362546,"eval/avg_iou3":0.503980553428332}