{"_runtime":57.227532442,"_wandb":{"runtime":93},"_step":0,"step":0,"loss":1.489032506942749,"_timestamp":1.736686223098212e+09}