{"_wandb":{"runtime":198},"step":33,"loss":13794.9736328125,"_timestamp":1.7369077036814063e+09,"_runtime":190.112044405,"_step":33}