{"_timestamp":1.736907395748585e+09,"_runtime":332.226374749,"_step":103,"step":103,"loss":822.0169677734375,"_wandb":{"runtime":342}}