{"_runtime":4420.969199996,"eval/avg_loss1":1.2100878430418671,"eval/avg_iou1":0.009210915304720402,"_step":3033,"_wandb":{"runtime":4434},"eval/avg_iou2":0.0031036967411637306,"eval/avg_loss2":1.2901707733956476,"_timestamp":1.736943087511647e+09,"eval/avg_loss3":1.2893924778749546,"step":3029,"loss":1.6559513807296753,"eval/avg_iou3":0.003059579525142908}