{"_runtime":482.000610041,"_step":355,"_wandb":{"runtime":494},"step":355,"loss":25.009769439697266,"_timestamp":1.7369067652185445e+09}