{"step":4680,"eval/avg_loss3":3.0266066099396008e-05,"_timestamp":1.736699664270368e+09,"_runtime":13358.902321681,"_step":4684,"eval/avg_iou2":0.5000000167687734,"_wandb":{"runtime":13360},"eval/avg_loss2":2.8191134572788695e-05,"eval/avg_iou1":0.500000003973643,"loss":7.06084256307804e-06,"eval/avg_iou3":0.5000000158150991,"eval/avg_loss1":2.624802276339248e-05}