{"_step":37,"step":37,"_wandb":{"runtime":173},"loss":20170.29296875,"_timestamp":1.7369080025585084e+09,"_runtime":158.236278028}