{"_step":0,"_wandb":{"runtime":288},"step":0,"loss":15.1282320022583,"_timestamp":1.7369381526747828e+09,"_runtime":71.861872267}