{"_runtime":312.2078513,"_timestamp":1.736937826851624e+09,"_step":6,"step":5,"eval/avg_iou3":0.007686126045882702,"eval/avg_iou1":0.004896910395473242,"eval/avg_loss1":6.233168697039286,"eval/avg_loss3":6.188093906243642,"eval/avg_loss2":6.209167865276337,"_wandb":{"runtime":324},"loss":3.6266191005706787,"eval/avg_iou2":0.005181356333196163}