{"_timestamp":1.73672982971128e+09,"eval/avg_loss3":3.0256563685640004e-05,"eval/avg_loss1":2.6238518647384506e-05,"eval/avg_iou3":0.5,"eval/avg_iou1":0.5,"step":19999,"eval/avg_iou2":0.5,"loss":3.2349535104003735e-06,"_step":20019,"eval/avg_loss2":2.8181631603824068e-05,"_runtime":28594.909043738,"_wandb":{"runtime":28595}}