{"eval/avg_iou3":0.500180952946345,"_timestamp":1.7366835184182076e+09,"_step":1,"_wandb":{"runtime":546},"eval/avg_iou2":0.5001670225461324,"eval/avg_loss3":0.38694358855485916,"eval/avg_loss2":0.3869395487209161,"eval/avg_loss1":0.3869311680793762,"eval/avg_iou1":0.5001695557435354,"_runtime":460.111826731}