{"eval/avg_iou2":0.005180269945412874,"eval/avg_loss3":6.188249790827434,"eval/avg_iou3":0.00768697215244174,"_wandb":{"runtime":568},"loss":0.6231380701065063,"step":220,"_timestamp":1.7369450951552072e+09,"eval/avg_loss2":6.209327883879344,"eval/avg_iou1":0.004895826801657677,"_runtime":557.281085631,"_step":221,"eval/avg_loss1":6.233325640042623}