{"_step":3224,"eval/avg_iou1":0.5,"loss":6.519060843857005e-05,"eval/avg_loss2":2.8181631603824068e-05,"step":3221,"eval/avg_iou3":0.5,"eval/avg_loss3":3.0256563685640004e-05,"eval/avg_loss1":2.6238518647384506e-05,"_wandb":{"runtime":3983},"eval/avg_iou2":0.5,"_runtime":3968.047891764,"_timestamp":1.73687963256437e+09}