{"eval/avg_iou1":0.0048956796526908875,"eval/avg_loss3":6.188250494003296,"eval/avg_iou2":0.0051797120831906796,"_wandb":{"runtime":329},"_step":43,"_timestamp":1.7369435710899854e+09,"eval/avg_iou3":0.007687082979828119,"eval/avg_loss1":6.233326246102651,"_runtime":312.177238289,"loss":0.7952285408973694,"step":42,"eval/avg_loss2":6.20932808748881}