{"_timestamp":1.7369439312190187e+09,"_runtime":94.305627039,"_wandb":{"runtime":108},"_step":9,"step":49,"loss":0.8151893615722656}