{"eval/avg_loss1":6.233325428962708,"loss":0.7750566005706787,"eval/avg_loss3":6.188249466101328,"eval/avg_loss2":6.2093273205757145,"_wandb":{"runtime":378},"step":57,"eval/avg_iou3":0.00768666248768568,"_step":58,"_runtime":366.297246681,"eval/avg_iou1":0.004895779769867659,"_timestamp":1.7369455388308496e+09,"eval/avg_iou2":0.005180709064006805}