{"_timestamp":1.7369373158258631e+09,"_runtime":118.166705662,"_step":0,"step":0,"_wandb":{"runtime":167},"loss":15.128008842468262}